{
    "directional_accuracy": 0.4702306273062731,
    "information_coefficient": 0.002151984937294519,
    "test_mse": 0.00522976228967309
}