{
  "directional_accuracy": 0.4742710280373832,
  "mean_ic": 0.008669353744063106,
  "prediction_std": 0.004739389606813754,
  "rmse": 0.07108587734999322,
  "mae": 0.04924496219375526
}