{
  "directional_accuracy": 0.47510147601476016,
  "mean_ic": 0.008958896416583059,
  "prediction_std": 0.0047292861649205565,
  "rmse": 0.07197014277845382,
  "mae": 0.04963634339637177
}