epoch,train_loss,val_loss,lr
1,0.0007534301209475248,7.460702199010695e-05,0.0001
2,0.00013198829459125193,7.454647547462379e-05,0.0001
3,0.0001313973039071592,7.461826104605117e-05,0.0001
4,0.00013130816129222676,7.472374345313087e-05,0.0001
5,0.00013147505837000342,7.482504058379861e-05,5e-05
6,0.0001314561685517308,7.476554925108798e-05,5e-05
7,0.0001313794909118712,7.466893188393658e-05,5e-05
