{
    "Ret_1d": 2.998687023136881e-06,
    "Ret_5d": 9.093177141039632e-06,
    "Ret_21d": 2.8257176381885074e-05,
    "RSI_14": 0.002334637800231576,
    "BB_Dist": 0.00015311158495023847,
    "Volume_Surge": 5.196185520617291e-05,
    "Macro_INDIAVIX_Ret1d_L1": 3.526208047333057e-06,
    "Macro_CRUDE_Ret1d_L1": 3.088638777626329e-06,
    "Macro_USDINR_Ret1d_L1": 7.988718664364569e-08,
    "Macro_SP500_Ret1d_L1": 1.6002400116121862e-07
}